{"v":"5.7.4","fr":24,"ip":0,"op":48,"w":288,"h":288,"nm":"piggy-bank","ddd":0,"assets":[],"layers":[{"ddd":0,"ind":1,"ty":4,"nm":"ears","parent":4,"sr":1,"ks":{"o":{"a":0,"k":100,"ix":11},"r":{"a":0,"k":0,"ix":10},"p":{"a":0,"k":[86.104,48.668,0],"ix":2,"l":2},"a":{"a":0,"k":[24.966,17.476,0],"ix":1,"l":2},"s":{"a":0,"k":[100,100,100],"ix":6,"l":2}},"ao":0,"shapes":[{"ty":"gr","it":[{"ind":0,"ty":"sh","ix":1,"ks":{"a":0,"k":{"i":[[-12.615,6.38],[-7.718,-15.479],[0,0]],"o":[[12.615,-6.379],[0,0],[-7.718,-15.479]],"v":[[-12.1,-10.847],[24.715,5.629],[1.784,17.226]],"c":true},"ix":2},"nm":"Path 1","mn":"ADBE Vector Shape - Group","hd":false},{"ty":"gf","o":{"a":0,"k":100,"ix":10},"r":1,"bm":0,"g":{"p":3,"k":{"a":0,"k":[0,1,0.78,0.784,0.5,1,0.753,0.757,1,1,0.725,0.729],"ix":9}},"s":{"a":0,"k":[7.92,-1.168],"ix":5},"e":{"a":0,"k":[14.215,10.889],"ix":6},"t":1,"nm":"Gradient Fill 1","mn":"ADBE Vector Graphic - G-Fill","hd":false},{"ty":"tr","p":{"a":0,"k":[38.684,27.403],"ix":2},"a":{"a":0,"k":[13.719,9.927],"ix":1},"s":{"a":0,"k":[100,100],"ix":3},"r":{"a":1,"k":[{"t":6,"s":[0],"h":1},{"t":7,"s":[10],"h":1},{"t":8,"s":[-10],"h":1},{"t":10,"s":[0],"h":1},{"t":30,"s":[0],"h":1},{"t":31,"s":[10],"h":1},{"t":32,"s":[-10],"h":1},{"t":34,"s":[0],"h":1}],"ix":6},"o":{"a":0,"k":100,"ix":7},"sk":{"a":0,"k":0,"ix":4},"sa":{"a":0,"k":0,"ix":5},"nm":"Transform"}],"nm":"left ear","np":2,"cix":2,"bm":0,"ix":1,"mn":"ADBE Vector Group","hd":false},{"ty":"gr","it":[{"ind":0,"ty":"sh","ix":1,"ks":{"a":0,"k":{"i":[[-12.615,6.379],[-7.717,-15.479],[0,0]],"o":[[12.615,-6.38],[0,0],[-7.717,-15.479]],"v":[[-12.1,-10.847],[24.715,5.63],[1.783,17.227]],"c":true},"ix":2},"nm":"Path 1","mn":"ADBE Vector Shape - Group","hd":false},{"ty":"fl","c":{"a":0,"k":[1,0.725,0.728999956916,1],"ix":4},"o":{"a":0,"k":100,"ix":5},"r":1,"bm":0,"nm":"Fill 1","mn":"ADBE Vector Graphic - Fill","hd":false},{"ty":"tr","p":{"a":0,"k":[-18.383,2.241],"ix":2},"a":{"a":0,"k":[11.361,7.761],"ix":1},"s":{"a":0,"k":[100,100],"ix":3},"r":{"a":1,"k":[{"t":6,"s":[0],"h":1},{"t":7,"s":[2],"h":1},{"t":8,"s":[-20],"h":1},{"t":10,"s":[0],"h":1},{"t":30,"s":[0],"h":1},{"t":31,"s":[2],"h":1},{"t":32,"s":[-20],"h":1},{"t":34,"s":[0],"h":1}],"ix":6},"o":{"a":0,"k":100,"ix":7},"sk":{"a":0,"k":0,"ix":4},"sa":{"a":0,"k":0,"ix":5},"nm":"Transform"}],"nm":"right ear","np":2,"cix":2,"bm":0,"ix":2,"mn":"ADBE Vector Group","hd":false}],"ip":0,"op":48,"st":0,"bm":0},{"ddd":0,"ind":2,"ty":4,"nm":"coin","sr":1,"ks":{"o":{"a":0,"k":100,"ix":11},"r":{"a":0,"k":0,"ix":10},"p":{"a":1,"k":[{"t":6,"s":[119.458,42.682,0],"h":1},{"t":7,"s":[119.458,45.182,0],"h":1},{"t":8,"s":[119.458,47.682,0],"h":1},{"t":10,"s":[119.458,42.682,0],"h":1},{"t":30,"s":[119.458,42.682,0],"h":1},{"t":31,"s":[119.458,45.182,0],"h":1},{"t":32,"s":[119.458,47.682,0],"h":1}],"ix":2,"l":2},"a":{"a":0,"k":[16.375,16.527,0],"ix":1,"l":2},"s":{"a":0,"k":[100,100,100],"ix":6,"l":2}},"ao":0,"hasMask":true,"masksProperties":[{"inv":false,"mode":"a","pt":{"a":0,"k":{"i":[[0,0],[0,0],[-16.352,4.541],[0,0],[0,0]],"o":[[0,0],[0,0],[17.539,-4.871],[0,0],[0,0]],"v":[[-3.327,-27.374],[-3.077,88.928],[28.877,68.965],[58.417,66.803],[57.417,-27.374]],"c":true},"ix":1},"o":{"a":0,"k":100,"ix":3},"x":{"a":0,"k":0,"ix":4},"nm":"Mask 1"}],"shapes":[{"ty":"gr","it":[{"ind":0,"ty":"sh","ix":1,"ks":{"a":0,"k":{"i":[[0.463,0.336],[0,0],[0.566,-0.551],[0,0],[0,0],[0.241,-0.345],[0,0],[-0.464,-0.337],[-0.508,0.427],[0,0],[0,0],[-0.241,0.345],[0,0]],"o":[[0,0],[-0.464,-0.337],[0,0],[0,0],[-0.339,-0.247],[0,0],[-0.342,0.525],[0.463,0.336],[0,0],[0,0],[0.34,0.247],[0,0],[0.329,-0.471]],"v":[[7.434,-7.708],[7.434,-7.708],[5.999,-7.465],[0.678,-3.126],[-1.31,-4.341],[-2.36,-4.163],[-7.665,6.245],[-7.42,7.708],[-5.986,7.465],[-0.682,3.055],[1.176,4.346],[2.226,4.167],[7.678,-6.245]],"c":true},"ix":2},"nm":"Path 1","mn":"ADBE Vector Shape - Group","hd":false},{"ty":"fl","c":{"a":0,"k":[0.882000014361,0.592000026329,0.195999998205,1],"ix":4},"o":{"a":0,"k":100,"ix":5},"r":1,"bm":0,"nm":"Fill 1","mn":"ADBE Vector Graphic - Fill","hd":false},{"ind":2,"ty":"sh","ix":3,"ks":{"a":0,"k":{"i":[[0,-8.987],[8.906,0],[0,8.991],[-8.908,0]],"o":[[0,8.991],[-8.908,0],[0,-8.987],[8.906,0]],"v":[[16.526,0.441],[0.402,16.718],[-15.724,0.441],[0.402,-15.836]],"c":true},"ix":2},"nm":"Path 2","mn":"ADBE Vector Shape - Group","hd":false},{"ty":"fl","c":{"a":0,"k":[1,0.757000014361,0.019999999626,1],"ix":4},"o":{"a":0,"k":100,"ix":5},"r":1,"bm":0,"nm":"Fill 2","mn":"ADBE Vector Graphic - Fill","hd":false},{"ty":"tr","p":{"a":1,"k":[{"t":0,"s":[32.974,-44.539],"h":1},{"t":2,"s":[32.974,-9.414],"h":1},{"t":4,"s":[32.974,8.586],"h":1},{"t":6,"s":[32.974,39.586],"h":1},{"t":8,"s":[32.974,70.086],"h":1},{"t":10,"s":[32.974,-48.039],"h":1},{"t":26,"s":[32.974,-9.414],"h":1},{"t":28,"s":[32.974,8.586],"h":1},{"t":30,"s":[32.974,39.586],"h":1},{"t":32,"s":[32.974,70.086],"h":1},{"t":34,"s":[32.974,-48.039],"h":1}],"ix":2},"a":{"a":0,"k":[0,0],"ix":1},"s":{"a":0,"k":[100,100],"ix":3},"r":{"a":0,"k":0,"ix":6},"o":{"a":0,"k":100,"ix":7},"sk":{"a":0,"k":0,"ix":4},"sa":{"a":0,"k":0,"ix":5},"nm":"Transform"}],"nm":"Group 1","np":4,"cix":2,"bm":0,"ix":1,"mn":"ADBE Vector Group","hd":false}],"ip":0,"op":48,"st":0,"bm":0},{"ddd":0,"ind":3,"ty":4,"nm":"coin slot","parent":4,"sr":1,"ks":{"o":{"a":0,"k":100,"ix":11},"r":{"a":0,"k":0,"ix":10},"p":{"a":0,"k":[101.953,28.937,0],"ix":2,"l":2},"a":{"a":0,"k":[46.195,29.896,0],"ix":1,"l":2},"s":{"a":0,"k":[100,100,100],"ix":6,"l":2}},"ao":0,"shapes":[{"ty":"gr","it":[{"ind":0,"ty":"sh","ix":1,"ks":{"a":0,"k":{"i":[[0,0],[-19.843,-1.077]],"o":[[13.693,-13.693],[0,0]],"v":[[-26.195,9.896],[26.195,-8.819]],"c":false},"ix":2},"nm":"Path 1","mn":"ADBE Vector Shape - Group","hd":false},{"ty":"st","c":{"a":0,"k":[1,0.57599995931,0.579999976065,1],"ix":3},"o":{"a":0,"k":100,"ix":4},"w":{"a":0,"k":8,"ix":5},"lc":2,"lj":2,"bm":0,"nm":"Stroke 1","mn":"ADBE Vector Graphic - Stroke","hd":false},{"ty":"tr","p":{"a":0,"k":[46.194,29.896],"ix":2},"a":{"a":0,"k":[0,0],"ix":1},"s":{"a":0,"k":[100,100],"ix":3},"r":{"a":0,"k":0,"ix":6},"o":{"a":0,"k":100,"ix":7},"sk":{"a":0,"k":0,"ix":4},"sa":{"a":0,"k":0,"ix":5},"nm":"Transform"}],"nm":"Group 1","np":2,"cix":2,"bm":0,"ix":1,"mn":"ADBE Vector Group","hd":false}],"ip":-5,"op":48,"st":0,"bm":0},{"ddd":0,"ind":4,"ty":4,"nm":"pig base","sr":1,"ks":{"o":{"a":0,"k":100,"ix":11},"r":{"a":0,"k":0,"ix":10},"p":{"a":1,"k":[{"t":6,"s":[155.787,166.614,0],"h":1},{"t":7,"s":[155.787,169.114,0],"h":1},{"t":8,"s":[155.787,171.614,0],"h":1},{"t":10,"s":[155.787,166.614,0],"h":1},{"t":30,"s":[155.787,166.614,0],"h":1},{"t":31,"s":[155.787,169.114,0],"h":1},{"t":32,"s":[155.787,171.614,0],"h":1},{"t":34,"s":[155.787,166.614,0],"h":1}],"ix":2,"l":2},"a":{"a":0,"k":[126.873,98.831,0],"ix":1,"l":2},"s":{"a":0,"k":[100,100,100],"ix":6,"l":2}},"ao":0,"shapes":[{"ty":"gr","it":[{"ty":"gr","it":[{"ind":0,"ty":"sh","ix":1,"ks":{"a":0,"k":{"i":[[0.358,-2.627],[1.972,0.269],[-0.357,2.628],[-1.973,-0.269]],"o":[[-0.358,2.628],[-1.973,-0.269],[0.358,-2.627],[1.972,0.269]],"v":[[39.013,108.028],[34.793,112.299],[31.869,107.054],[36.09,102.784]],"c":true},"ix":2},"nm":"Path 2","mn":"ADBE Vector Shape - Group","hd":false},{"ind":1,"ty":"sh","ix":2,"ks":{"a":0,"k":{"i":[[0.358,-2.627],[1.972,0.268],[-0.357,2.628],[-1.973,-0.269]],"o":[[-0.358,2.628],[-1.973,-0.269],[0.359,-2.627],[1.972,0.269]],"v":[[22.703,100.96],[18.483,105.231],[15.559,99.986],[19.78,95.716]],"c":true},"ix":2},"nm":"Path 1","mn":"ADBE Vector Shape - Group","hd":false},{"ty":"fl","c":{"a":0,"k":[1,0.57599995931,0.579999976065,1],"ix":4},"o":{"a":0,"k":100,"ix":5},"r":1,"bm":0,"nm":"Fill 1","mn":"ADBE Vector Graphic - Fill","hd":false},{"ty":"tr","p":{"a":0,"k":[7.286,4.007],"ix":2},"a":{"a":0,"k":[27.286,104.007],"ix":1},"s":{"a":1,"k":[{"t":6,"s":[100,100],"h":1},{"t":8,"s":[110,115],"h":1},{"t":10,"s":[100,100],"h":1},{"t":30,"s":[100,100],"h":1},{"t":32,"s":[110,115],"h":1},{"t":34,"s":[100,100],"h":1}],"ix":3},"r":{"a":0,"k":0,"ix":6},"o":{"a":0,"k":100,"ix":7},"sk":{"a":0,"k":0,"ix":4},"sa":{"a":0,"k":0,"ix":5},"nm":"Transform"}],"nm":"nostrils","np":3,"cix":2,"bm":0,"ix":1,"mn":"ADBE Vector Group","hd":false},{"ind":1,"ty":"sh","ix":2,"ks":{"a":0,"k":{"i":[[10.151,-10.151],[12.421,12.42],[-10.151,10.152],[-12.42,-12.42]],"o":[[-10.151,10.151],[-12.42,-12.421],[10.151,-10.15],[12.421,12.421]],"v":[[36.248,26.233],[-4.622,22.125],[-8.73,-18.746],[32.139,-14.637]],"c":true},"ix":2},"nm":"Path 3","mn":"ADBE Vector Shape - Group","hd":false},{"ty":"fl","c":{"a":0,"k":[1,0.779999976065,0.783999992819,1],"ix":4},"o":{"a":0,"k":100,"ix":5},"r":1,"bm":0,"nm":"Fill 2","mn":"ADBE Vector Graphic - Fill","hd":false},{"ty":"tr","p":{"a":0,"k":[19.131,100.473],"ix":2},"a":{"a":0,"k":[0,0],"ix":1},"s":{"a":0,"k":[100,100],"ix":3},"r":{"a":0,"k":0,"ix":6},"o":{"a":0,"k":100,"ix":7},"sk":{"a":0,"k":0,"ix":4},"sa":{"a":0,"k":0,"ix":5},"nm":"Transform"}],"nm":"Nose","np":3,"cix":2,"bm":0,"ix":1,"mn":"ADBE Vector Group","hd":false},{"ty":"gr","it":[{"ind":0,"ty":"sh","ix":1,"ks":{"a":1,"k":[{"t":0,"s":[{"i":[[1.22,-3.081],[1.856,0.735],[-1.22,3.08],[-1.855,-0.735]],"o":[[-1.221,3.081],[-1.855,-0.735],[1.221,-3.081],[1.856,0.736]],"v":[[3.36,1.331],[-2.21,5.579],[-3.36,-1.331],[2.21,-5.579]],"c":true}],"h":1},{"t":2,"s":[{"i":[[-0.655,-0.622],[1.856,0.735],[-3.966,0.04],[-1.855,-0.735]],"o":[[2.135,2.535],[-1.855,-0.735],[0.721,-0.022],[1.856,0.736]],"v":[[3.36,1.331],[-1.554,3.454],[-3.36,-1.33],[-0.852,2.015]],"c":true}],"h":1},{"t":4,"s":[{"i":[[1.22,-3.081],[1.856,0.735],[-1.22,3.08],[-1.855,-0.735]],"o":[[-1.221,3.081],[-1.855,-0.735],[1.221,-3.081],[1.856,0.736]],"v":[[3.36,1.331],[-2.21,5.579],[-3.36,-1.331],[2.21,-5.579]],"c":true}],"h":1},{"t":30,"s":[{"i":[[1.22,-3.081],[1.856,0.735],[-1.22,3.08],[-1.855,-0.735]],"o":[[-1.221,3.081],[-1.855,-0.735],[1.221,-3.081],[1.856,0.736]],"v":[[3.36,1.331],[-2.21,5.579],[-3.36,-1.331],[2.21,-5.579]],"c":true}],"h":1},{"t":32,"s":[{"i":[[-0.655,-0.622],[1.856,0.735],[-3.966,0.04],[-1.855,-0.735]],"o":[[2.135,2.535],[-1.855,-0.735],[0.721,-0.022],[1.856,0.736]],"v":[[3.36,1.331],[-1.554,3.454],[-3.36,-1.331],[-0.852,2.015]],"c":true}],"h":1},{"t":34,"s":[{"i":[[1.22,-3.081],[1.856,0.735],[-1.22,3.08],[-1.855,-0.735]],"o":[[-1.221,3.081],[-1.855,-0.735],[1.221,-3.081],[1.856,0.736]],"v":[[3.36,1.331],[-2.21,5.579],[-3.36,-1.331],[2.21,-5.579]],"c":true}],"h":1},{"t":36,"s":[{"i":[[-0.655,-0.622],[1.856,0.735],[-3.966,0.04],[-1.855,-0.735]],"o":[[2.135,2.535],[-1.855,-0.735],[0.721,-0.022],[1.856,0.736]],"v":[[3.36,1.331],[-1.554,3.454],[-3.36,-1.331],[-0.852,2.015]],"c":true}],"h":1},{"t":38,"s":[{"i":[[1.22,-3.081],[1.856,0.735],[-1.22,3.08],[-1.855,-0.735]],"o":[[-1.221,3.081],[-1.855,-0.735],[1.221,-3.081],[1.856,0.736]],"v":[[3.36,1.331],[-2.21,5.579],[-3.36,-1.331],[2.21,-5.579]],"c":true}],"h":1}],"ix":2},"nm":"Path 1","mn":"ADBE Vector Shape - Group","hd":false},{"ind":1,"ty":"sh","ix":2,"ks":{"a":1,"k":[{"t":0,"s":[{"i":[[1.22,-3.081],[1.856,0.735],[-1.22,3.081],[-1.855,-0.735]],"o":[[-1.221,3.081],[-1.855,-0.735],[1.221,-3.08],[1.856,0.736]],"v":[[-29.486,-8.684],[-35.056,-4.437],[-36.206,-11.347],[-30.636,-15.594]],"c":true}],"h":1},{"t":2,"s":[{"i":[[-0.778,-1.2],[1.856,0.735],[-0.745,0.401],[-1.855,-0.735]],"o":[[0.836,1.289],[-1.855,-0.735],[3.073,-1.238],[1.856,0.736]],"v":[[-29.486,-8.684],[-34.181,-7.187],[-36.206,-11.347],[-33.511,-8.969]],"c":true}],"h":1},{"t":4,"s":[{"i":[[1.22,-3.081],[1.856,0.735],[-1.22,3.081],[-1.855,-0.735]],"o":[[-1.221,3.081],[-1.855,-0.735],[1.221,-3.08],[1.856,0.736]],"v":[[-29.486,-8.684],[-35.056,-4.437],[-36.206,-11.347],[-30.636,-15.594]],"c":true}],"h":1},{"t":30,"s":[{"i":[[1.22,-3.081],[1.856,0.735],[-1.22,3.081],[-1.855,-0.735]],"o":[[-1.221,3.081],[-1.855,-0.735],[1.221,-3.08],[1.856,0.736]],"v":[[-29.486,-8.684],[-35.056,-4.437],[-36.206,-11.347],[-30.636,-15.594]],"c":true}],"h":1},{"t":32,"s":[{"i":[[-0.778,-1.2],[1.856,0.735],[-0.745,0.401],[-1.855,-0.735]],"o":[[0.836,1.289],[-1.855,-0.735],[3.073,-1.238],[1.856,0.736]],"v":[[-29.486,-8.684],[-34.181,-7.187],[-36.206,-11.347],[-33.511,-8.969]],"c":true}],"h":1},{"t":34,"s":[{"i":[[1.22,-3.081],[1.856,0.735],[-1.22,3.081],[-1.855,-0.735]],"o":[[-1.221,3.081],[-1.855,-0.735],[1.221,-3.08],[1.856,0.736]],"v":[[-29.486,-8.684],[-35.056,-4.437],[-36.206,-11.347],[-30.636,-15.594]],"c":true}],"h":1},{"t":36,"s":[{"i":[[-0.778,-1.2],[1.856,0.735],[-0.745,0.401],[-1.855,-0.735]],"o":[[0.836,1.289],[-1.855,-0.735],[3.073,-1.238],[1.856,0.736]],"v":[[-29.486,-8.684],[-34.181,-7.187],[-36.206,-11.347],[-33.511,-8.969]],"c":true}],"h":1},{"t":38,"s":[{"i":[[1.22,-3.081],[1.856,0.735],[-1.22,3.081],[-1.855,-0.735]],"o":[[-1.221,3.081],[-1.855,-0.735],[1.221,-3.08],[1.856,0.736]],"v":[[-29.486,-8.684],[-35.056,-4.437],[-36.206,-11.347],[-30.636,-15.594]],"c":true}],"h":1}],"ix":2},"nm":"Path 2","mn":"ADBE Vector Shape - Group","hd":false},{"ty":"fl","c":{"a":0,"k":[0,0.263000009574,0.630999995213,1],"ix":4},"o":{"a":0,"k":100,"ix":5},"r":1,"bm":0,"nm":"Fill 1","mn":"ADBE Vector Graphic - Fill","hd":false},{"ty":"tr","p":{"a":0,"k":[68.287,75.288],"ix":2},"a":{"a":0,"k":[0,0],"ix":1},"s":{"a":0,"k":[100,100],"ix":3},"r":{"a":0,"k":0,"ix":6},"o":{"a":0,"k":100,"ix":7},"sk":{"a":0,"k":0,"ix":4},"sa":{"a":0,"k":0,"ix":5},"nm":"Transform"}],"nm":"eyes","np":3,"cix":2,"bm":0,"ix":2,"mn":"ADBE Vector Group","hd":false},{"ty":"gr","it":[{"ind":0,"ty":"sh","ix":1,"ks":{"a":0,"k":{"i":[[0,-46.944],[57.437,0],[0,46.944],[-57.437,0]],"o":[[0,46.944],[-57.437,0],[0,-46.944],[57.437,0]],"v":[[104,0],[0,85],[-104,0],[0,-85]],"c":true},"ix":2},"nm":"Path 1","mn":"ADBE Vector Shape - Group","hd":false},{"ty":"gf","o":{"a":0,"k":100,"ix":10},"r":1,"bm":0,"g":{"p":3,"k":{"a":0,"k":[0,1,0.576,0.58,0.5,1,0.651,0.655,1,1,0.725,0.729],"ix":9}},"s":{"a":0,"k":[6.552,102.799],"ix":5},"e":{"a":0,"k":[2.694,12.335],"ix":6},"t":1,"nm":"Gradient Fill 1","mn":"ADBE Vector Graphic - G-Fill","hd":false},{"ty":"tr","p":{"a":0,"k":[115.134,94.343],"ix":2},"a":{"a":0,"k":[0,0],"ix":1},"s":{"a":1,"k":[{"t":0,"s":[100,100],"h":1},{"t":7,"s":[102,99],"h":1},{"t":8,"s":[103,98],"h":1},{"t":10,"s":[100,100],"h":1},{"t":31,"s":[102,99],"h":1},{"t":32,"s":[103,98],"h":1},{"t":34,"s":[100,100],"h":1}],"ix":3},"r":{"a":0,"k":0,"ix":6},"o":{"a":0,"k":100,"ix":7},"sk":{"a":0,"k":0,"ix":4},"sa":{"a":0,"k":0,"ix":5},"nm":"Transform"}],"nm":"body","np":2,"cix":2,"bm":0,"ix":3,"mn":"ADBE Vector Group","hd":false}],"ip":0,"op":48,"st":0,"bm":0},{"ddd":0,"ind":5,"ty":4,"nm":"pig tail","parent":4,"sr":1,"ks":{"o":{"a":0,"k":100,"ix":11},"r":{"a":1,"k":[{"t":14,"s":[0],"h":1},{"t":16,"s":[-13],"h":1},{"t":18,"s":[20],"h":1},{"t":20,"s":[-12],"h":1},{"t":22,"s":[0],"h":1},{"t":32,"s":[0],"h":1},{"t":34,"s":[-13],"h":1},{"t":36,"s":[20],"h":1},{"t":38,"s":[-12],"h":1},{"t":40,"s":[0],"h":1}],"ix":10},"p":{"a":0,"k":[206.117,61.574,0],"ix":2,"l":2},"a":{"a":0,"k":[206.117,61.574,0],"ix":1,"l":2},"s":{"a":0,"k":[100,100,100],"ix":6,"l":2}},"ao":0,"shapes":[{"ty":"gr","it":[{"ind":0,"ty":"sh","ix":1,"ks":{"a":1,"k":[{"t":0,"s":[{"i":[[0,0],[1.861,-22.343],[16.385,0]],"o":[[0,-14.836],[-0.826,9.897],[0,0]],"v":[[-12.625,-6.278],[12.848,2.254],[-14.709,21.114]],"c":false}],"h":1},{"t":6,"s":[{"i":[[0,0],[5.604,-19.675],[16.385,0]],"o":[[6.431,-8.794],[-2.72,9.552],[0,0]],"v":[[-7.69,-12.763],[12.848,2.254],[-14.709,21.114]],"c":false}],"h":1},{"t":7,"s":[{"i":[[0,0],[4.257,-12.062],[16.385,0]],"o":[[6.418,-0.022],[-3.305,9.365],[0,0]],"v":[[5.105,-23.306],[12.848,2.254],[-14.709,21.114]],"c":false}],"h":1},{"t":8,"s":[{"i":[[0,0],[4.835,-5.587],[13.781,-2.094]],"o":[[-0.585,7.36],[-8.256,9.541],[0,0]],"v":[[26.612,-16.79],[17.155,4.709],[-14.709,21.113]],"c":false}],"h":1},{"t":10,"s":[{"i":[[0,0],[4.257,-12.062],[16.385,0]],"o":[[6.418,-0.022],[-3.305,9.365],[0,0]],"v":[[5.105,-23.306],[12.848,2.254],[-14.709,21.114]],"c":false}],"h":1},{"t":12,"s":[{"i":[[0,0],[1.861,-22.343],[16.385,0]],"o":[[0,-14.836],[-0.826,9.897],[0,0]],"v":[[-12.625,-6.278],[12.848,2.254],[-14.709,21.114]],"c":false}],"h":1},{"t":30,"s":[{"i":[[0,0],[5.604,-19.675],[16.385,0]],"o":[[6.431,-8.794],[-2.72,9.552],[0,0]],"v":[[-7.69,-12.763],[12.848,2.254],[-14.709,21.114]],"c":false}],"h":1},{"t":31,"s":[{"i":[[0,0],[4.257,-12.062],[16.385,0]],"o":[[6.418,-0.022],[-3.305,9.365],[0,0]],"v":[[5.105,-23.306],[12.848,2.254],[-14.709,21.114]],"c":false}],"h":1},{"t":32,"s":[{"i":[[0,0],[4.835,-5.587],[13.781,-2.094]],"o":[[-0.585,7.36],[-8.256,9.541],[0,0]],"v":[[26.612,-16.79],[17.155,4.709],[-14.709,21.113]],"c":false}],"h":1},{"t":34,"s":[{"i":[[0,0],[4.257,-12.062],[16.385,0]],"o":[[6.418,-0.022],[-3.305,9.365],[0,0]],"v":[[5.105,-23.306],[12.848,2.254],[-14.709,21.114]],"c":false}],"h":1},{"t":36,"s":[{"i":[[0,0],[1.861,-22.343],[16.385,0]],"o":[[0,-14.836],[-0.826,9.897],[0,0]],"v":[[-12.625,-6.278],[12.848,2.254],[-14.709,21.114]],"c":false}],"h":1}],"ix":2},"nm":"Path 1","mn":"ADBE Vector Shape - Group","hd":false},{"ty":"st","c":{"a":0,"k":[1,0.57599995931,0.579999976065,1],"ix":3},"o":{"a":0,"k":100,"ix":4},"w":{"a":0,"k":8,"ix":5},"lc":2,"lj":2,"bm":0,"nm":"Stroke 1","mn":"ADBE Vector Graphic - Stroke","hd":false},{"ty":"tr","p":{"a":0,"k":[219.037,41.114],"ix":2},"a":{"a":0,"k":[0,0],"ix":1},"s":{"a":0,"k":[100,100],"ix":3},"r":{"a":0,"k":0,"ix":6},"o":{"a":0,"k":100,"ix":7},"sk":{"a":0,"k":0,"ix":4},"sa":{"a":0,"k":0,"ix":5},"nm":"Transform"}],"nm":"tail","np":2,"cix":2,"bm":0,"ix":1,"mn":"ADBE Vector Group","hd":false}],"ip":0,"op":48,"st":0,"bm":0},{"ddd":0,"ind":6,"ty":4,"nm":"pig legs","sr":1,"ks":{"o":{"a":0,"k":100,"ix":11},"r":{"a":0,"k":0,"ix":10},"p":{"a":0,"k":[155.787,166.614,0],"ix":2,"l":2},"a":{"a":0,"k":[126.873,98.831,0],"ix":1,"l":2},"s":{"a":0,"k":[100,100,100],"ix":6,"l":2}},"ao":0,"shapes":[{"ty":"gr","it":[{"ind":0,"ty":"sh","ix":1,"ks":{"a":0,"k":{"i":[[0,0],[0,0],[7.18,0],[0,2.762],[0,0]],"o":[[0,0],[0,2.762],[-7.18,0],[0,0],[0,0]],"v":[[16.54,-0.568],[15.54,19.432],[2.54,24.432],[-10.46,19.432],[-16.54,-24.432]],"c":true},"ix":2},"nm":"Path 1","mn":"ADBE Vector Shape - Group","hd":false},{"ty":"gf","o":{"a":0,"k":100,"ix":10},"r":1,"bm":0,"g":{"p":3,"k":{"a":0,"k":[0,1,0.725,0.729,0.5,1,0.651,0.655,1,1,0.576,0.58],"ix":9}},"s":{"a":0,"k":[1.125,25.877],"ix":5},"e":{"a":0,"k":[8.362,-8.333],"ix":6},"t":1,"nm":"Gradient Fill 1","mn":"ADBE Vector Graphic - G-Fill","hd":false},{"ty":"fl","c":{"a":0,"k":[1,0.57647061348,0.580392181873,1],"ix":4},"o":{"a":0,"k":100,"ix":5},"r":1,"bm":0,"nm":"Fill 1","mn":"ADBE Vector Graphic - Fill","hd":false},{"ty":"tr","p":{"a":0,"k":[41.45,156.98],"ix":2},"a":{"a":0,"k":[0,0],"ix":1},"s":{"a":0,"k":[100,100],"ix":3},"r":{"a":0,"k":0,"ix":6},"o":{"a":0,"k":100,"ix":7},"sk":{"a":0,"k":0,"ix":4},"sa":{"a":0,"k":0,"ix":5},"nm":"Transform"}],"nm":"leg - front, R","np":3,"cix":2,"bm":0,"ix":1,"mn":"ADBE Vector Group","hd":false},{"ty":"gr","it":[{"ind":0,"ty":"sh","ix":1,"ks":{"a":0,"k":{"i":[[0,0],[0,0],[-7.18,0],[0,2.762],[0,0]],"o":[[0,0],[0,2.762],[7.18,0],[0,0],[0,0]],"v":[[-16.54,-0.568],[-13.54,19.432],[-0.54,24.432],[12.46,19.432],[16.54,-24.432]],"c":true},"ix":2},"nm":"Path 1","mn":"ADBE Vector Shape - Group","hd":false},{"ty":"gf","o":{"a":0,"k":100,"ix":10},"r":1,"bm":0,"g":{"p":3,"k":{"a":0,"k":[0,1,0.725,0.729,0.5,1,0.651,0.655,1,1,0.576,0.58],"ix":9}},"s":{"a":0,"k":[0.279,23.289],"ix":5},"e":{"a":0,"k":[5.066,-2.098],"ix":6},"t":1,"nm":"Gradient Fill 1","mn":"ADBE Vector Graphic - G-Fill","hd":false},{"ty":"tr","p":{"a":0,"k":[94.28,172.98],"ix":2},"a":{"a":0,"k":[0,0],"ix":1},"s":{"a":0,"k":[100,100],"ix":3},"r":{"a":0,"k":0,"ix":6},"o":{"a":0,"k":100,"ix":7},"sk":{"a":0,"k":0,"ix":4},"sa":{"a":0,"k":0,"ix":5},"nm":"Transform"}],"nm":"leg - front, L","np":2,"cix":2,"bm":0,"ix":2,"mn":"ADBE Vector Group","hd":false},{"ty":"gr","it":[{"ind":0,"ty":"sh","ix":1,"ks":{"a":0,"k":{"i":[[0,0],[0,0],[-7.18,0],[0,2.762],[0,0]],"o":[[0,0],[0,2.762],[7.18,0],[0,0],[0,0]],"v":[[-16.54,-0.568],[-13.54,19.432],[-0.54,24.432],[12.46,19.432],[16.539,-24.432]],"c":true},"ix":2},"nm":"Path 1","mn":"ADBE Vector Shape - Group","hd":false},{"ty":"gf","o":{"a":0,"k":100,"ix":10},"r":1,"bm":0,"g":{"p":3,"k":{"a":0,"k":[0,1,0.725,0.729,0.5,1,0.651,0.655,1,1,0.576,0.58],"ix":9}},"s":{"a":0,"k":[10.902,22.131],"ix":5},"e":{"a":0,"k":[-8.055,-3.761],"ix":6},"t":1,"nm":"Gradient Fill 1","mn":"ADBE Vector Graphic - G-Fill","hd":false},{"ty":"tr","p":{"a":0,"k":[196.625,146.98],"ix":2},"a":{"a":0,"k":[0,0],"ix":1},"s":{"a":0,"k":[100,100],"ix":3},"r":{"a":0,"k":0,"ix":6},"o":{"a":0,"k":100,"ix":7},"sk":{"a":0,"k":0,"ix":4},"sa":{"a":0,"k":0,"ix":5},"nm":"Transform"}],"nm":"lag - back","np":2,"cix":2,"bm":0,"ix":3,"mn":"ADBE Vector Group","hd":false}],"ip":0,"op":48,"st":0,"bm":0},{"ddd":0,"ind":7,"ty":4,"nm":"Shadow","sr":1,"ks":{"o":{"a":0,"k":100,"ix":11},"r":{"a":0,"k":0,"ix":10},"p":{"a":0,"k":[144,144,0],"ix":2,"l":2},"a":{"a":0,"k":[0,0,0],"ix":1,"l":2},"s":{"a":1,"k":[{"t":6,"s":[100,100,100],"h":1},{"t":7,"s":[97,99,100],"h":1},{"t":8,"s":[93,99,100],"h":1},{"t":10,"s":[100,100,100],"h":1},{"t":30,"s":[100,100,100],"h":1},{"t":31,"s":[97,99,100],"h":1},{"t":32,"s":[93,99,100],"h":1},{"t":34,"s":[100,100,100],"h":1}],"ix":6,"l":2}},"ao":0,"shapes":[{"ty":"gr","it":[{"ind":0,"ty":"sh","ix":1,"ks":{"a":0,"k":{"i":[[7.785,5.902],[13.693,-2.65],[-27.129,-6.261],[-32.404,4.27]],"o":[[-27.387,-20.761],[-13.693,2.65],[11.485,2.65],[48.28,-6.361]],"v":[[94.086,91.436],[-84.368,101.153],[-62.724,122.356],[17.977,119.883]],"c":true},"ix":2},"nm":"Path 1","mn":"ADBE Vector Shape - Group","hd":false},{"ty":"st","c":{"a":0,"k":[1,1,1,1],"ix":3},"o":{"a":0,"k":100,"ix":4},"w":{"a":0,"k":2,"ix":5},"lc":1,"lj":1,"ml":4,"bm":0,"nm":"Stroke 1","mn":"ADBE Vector Graphic - Stroke","hd":false},{"ty":"tr","p":{"a":0,"k":[0,0],"ix":2},"a":{"a":0,"k":[0,0],"ix":1},"s":{"a":0,"k":[100,100],"ix":3},"r":{"a":0,"k":0,"ix":6},"o":{"a":0,"k":100,"ix":7},"sk":{"a":0,"k":0,"ix":4},"sa":{"a":0,"k":0,"ix":5},"nm":"Transform"}],"nm":"Shape 1","np":3,"cix":2,"bm":0,"ix":1,"mn":"ADBE Vector Group","hd":false},{"ty":"fl","c":{"a":0,"k":[0,0,0,1],"ix":4},"o":{"a":0,"k":10,"ix":5},"r":1,"bm":0,"nm":"Fill 1","mn":"ADBE Vector Graphic - Fill","hd":false}],"ip":0,"op":48,"st":0,"bm":0},{"ddd":0,"ind":8,"ty":4,"nm":"sparkles","sr":1,"ks":{"o":{"a":0,"k":100,"ix":11},"r":{"a":0,"k":0,"ix":10},"p":{"a":0,"k":[144,144,0],"ix":2,"l":2},"a":{"a":0,"k":[0,0,0],"ix":1,"l":2},"s":{"a":0,"k":[100,100,100],"ix":6,"l":2}},"ao":0,"shapes":[{"ty":"gr","it":[{"ind":0,"ty":"sh","ix":1,"ks":{"a":0,"k":{"i":[[2.75,2],[0,-3],[-4.25,0.5]],"o":[[-2.75,-2],[0,3],[4.25,-0.5]],"v":[[-100,-84],[-107,-81.5],[-103,-77.75]],"c":true},"ix":2},"nm":"Path 1","mn":"ADBE Vector Shape - Group","hd":false},{"ty":"fl","c":{"a":0,"k":[1,0.756862804936,0.019607843137,1],"ix":4},"o":{"a":0,"k":100,"ix":5},"r":1,"bm":0,"nm":"Fill 1","mn":"ADBE Vector Graphic - Fill","hd":false},{"ty":"tr","p":{"a":1,"k":[{"i":{"x":0.667,"y":1},"o":{"x":0.333,"y":0},"t":4,"s":[37.215,-56.206],"to":[9.272,-15.51],"ti":[0,0]},{"t":20,"s":[92.85,-149.264],"h":1},{"i":{"x":0.667,"y":1},"o":{"x":0.333,"y":0},"t":28,"s":[37.215,-56.206],"to":[0,0],"ti":[-9.272,15.51]},{"t":44,"s":[92.85,-149.264],"h":1}],"ix":2},"a":{"a":0,"k":[-102.785,-81.206],"ix":1},"s":{"a":1,"k":[{"i":{"x":[0.833,0.833],"y":[1.031,1.031]},"o":{"x":[0.333,0.333],"y":[0,0]},"t":4,"s":[30,30]},{"i":{"x":[0.667,0.667],"y":[1,1]},"o":{"x":[0.167,0.167],"y":[0.035,0.035]},"t":10,"s":[90,90]},{"t":20,"s":[0,0],"h":1},{"i":{"x":[0.833,0.833],"y":[1.031,1.031]},"o":{"x":[0.333,0.333],"y":[0,0]},"t":28,"s":[30,30]},{"i":{"x":[0.667,0.667],"y":[1,1]},"o":{"x":[0.167,0.167],"y":[0.035,0.035]},"t":34,"s":[90,90]},{"t":44,"s":[0,0],"h":1}],"ix":3},"r":{"a":0,"k":0,"ix":6},"o":{"a":0,"k":100,"ix":7},"sk":{"a":0,"k":0,"ix":4},"sa":{"a":0,"k":0,"ix":5},"nm":"Transform"}],"nm":"L Sparkle 3","np":2,"cix":2,"bm":0,"ix":1,"mn":"ADBE Vector Group","hd":false},{"ty":"gr","it":[{"ind":0,"ty":"sh","ix":1,"ks":{"a":0,"k":{"i":[[2.75,2],[0,-3],[-4.25,0.5]],"o":[[-2.75,-2],[0,3],[4.25,-0.5]],"v":[[-96.745,-78.488],[-103.745,-75.487],[-98.743,-70.986]],"c":true},"ix":2},"nm":"Path 1","mn":"ADBE Vector Shape - Group","hd":false},{"ty":"fl","c":{"a":0,"k":[1,0.756862804936,0.019607843137,1],"ix":4},"o":{"a":0,"k":100,"ix":5},"r":1,"bm":0,"nm":"Fill 1","mn":"ADBE Vector Graphic - Fill","hd":false},{"ty":"tr","p":{"a":1,"k":[{"i":{"x":0.833,"y":0.833},"o":{"x":0.333,"y":0.333},"t":4,"s":[90.767,-21.4],"to":[0,0],"ti":[0,0]},{"t":28,"s":[90.767,-21.4]}],"ix":2},"a":{"a":0,"k":[-99.362,-75.032],"ix":1},"s":{"a":1,"k":[{"i":{"x":[0.833,0.833],"y":[0.875,0.875]},"o":{"x":[0.333,0.333],"y":[0,0]},"t":4,"s":[40,40]},{"i":{"x":[0.667,0.667],"y":[1,1]},"o":{"x":[0.167,0.167],"y":[0.208,0.208]},"t":10,"s":[20,20]},{"t":20,"s":[0,0],"h":1},{"i":{"x":[0.833,0.833],"y":[0.875,0.875]},"o":{"x":[0.333,0.333],"y":[0,0]},"t":28,"s":[40,40]},{"i":{"x":[0.667,0.667],"y":[1,1]},"o":{"x":[0.167,0.167],"y":[0.208,0.208]},"t":34,"s":[20,20]},{"t":44,"s":[0,0],"h":1}],"ix":3},"r":{"a":0,"k":0,"ix":6},"o":{"a":0,"k":100,"ix":7},"sk":{"a":0,"k":0,"ix":4},"sa":{"a":0,"k":0,"ix":5},"nm":"Transform"}],"nm":"L Sparkle 2","np":2,"cix":2,"bm":0,"ix":2,"mn":"ADBE Vector Group","hd":false},{"ty":"gr","it":[{"ind":0,"ty":"sh","ix":1,"ks":{"a":0,"k":{"i":[[2.75,2],[0,-3],[-4.25,0.5]],"o":[[-2.75,-2],[0,3],[4.25,-0.5]],"v":[[-100,-84],[-107,-81.5],[-103,-77.75]],"c":true},"ix":2},"nm":"Path 1","mn":"ADBE Vector Shape - Group","hd":false},{"ty":"fl","c":{"a":0,"k":[1,0.756862804936,0.019607843137,1],"ix":4},"o":{"a":0,"k":100,"ix":5},"r":1,"bm":0,"nm":"Fill 1","mn":"ADBE Vector Graphic - Fill","hd":false},{"ty":"tr","p":{"a":1,"k":[{"i":{"x":0.667,"y":1},"o":{"x":0.333,"y":0},"t":4,"s":[-81.779,-56.414],"to":[-10.894,-15.445],"ti":[0,0]},{"t":20,"s":[-147.145,-149.084],"h":1},{"i":{"x":0.667,"y":1},"o":{"x":0.333,"y":0},"t":28,"s":[-81.779,-56.414],"to":[0,0],"ti":[10.894,15.445]},{"t":44,"s":[-147.145,-149.084],"h":1}],"ix":2},"a":{"a":0,"k":[-103.164,-80.531],"ix":1},"s":{"a":1,"k":[{"i":{"x":[0.833,0.833],"y":[1.1,1.1]},"o":{"x":[0.333,0.333],"y":[0,0]},"t":4,"s":[40,40]},{"i":{"x":[0.667,0.667],"y":[1,1]},"o":{"x":[0.167,0.167],"y":[0.064,0.064]},"t":10,"s":[65,65]},{"t":20,"s":[0,0],"h":1},{"i":{"x":[0.833,0.833],"y":[1.1,1.1]},"o":{"x":[0.333,0.333],"y":[0,0]},"t":28,"s":[40,40]},{"i":{"x":[0.667,0.667],"y":[1,1]},"o":{"x":[0.167,0.167],"y":[0.064,0.064]},"t":34,"s":[65,65]},{"t":44,"s":[0,0],"h":1}],"ix":3},"r":{"a":0,"k":0,"ix":6},"o":{"a":0,"k":100,"ix":7},"sk":{"a":0,"k":0,"ix":4},"sa":{"a":0,"k":0,"ix":5},"nm":"Transform"}],"nm":"L Sparkle 1","np":2,"cix":2,"bm":0,"ix":3,"mn":"ADBE Vector Group","hd":false},{"ty":"gr","it":[{"ind":0,"ty":"sh","ix":1,"ks":{"a":0,"k":{"i":[[3.639,0.354],[3.014,-1.481],[0,-2.65],[-4.086,-3.115],[-2.5,0.25],[-1.726,3.205],[0,1.879],[5.138,3.425]],"o":[[-2.579,-0.251],[-4.067,1.998],[0,2.65],[2.832,2.159],[2.5,-0.25],[1.75,-3.25],[0,-2.75],[-3,-2]],"v":[[98.986,-103.104],[94.486,-93.894],[87.285,-90.61],[95.586,-85.885],[99.875,-75.625],[103.125,-85.875],[110.75,-91.5],[103.5,-95.375]],"c":true},"ix":2},"nm":"Path 1","mn":"ADBE Vector Shape - Group","hd":false},{"ty":"fl","c":{"a":0,"k":[1,0.756862819195,0.019607843831,1],"ix":4},"o":{"a":0,"k":100,"ix":5},"r":1,"bm":0,"nm":"Fill 1","mn":"ADBE Vector Graphic - Fill","hd":false},{"ty":"tr","p":{"a":1,"k":[{"i":{"x":0.667,"y":1},"o":{"x":0.333,"y":0},"t":4,"s":[-25.835,-55.172],"to":[-2.469,-15.792],"ti":[0,0]},{"t":20,"s":[-40.651,-149.927],"h":1},{"i":{"x":0.667,"y":1},"o":{"x":0.333,"y":0},"t":28,"s":[-25.835,-55.172],"to":[0,0],"ti":[2.469,15.792]},{"t":44,"s":[-40.651,-149.927],"h":1}],"ix":2},"a":{"a":0,"k":[99.665,-90.172],"ix":1},"s":{"a":1,"k":[{"i":{"x":[0.833,0.833],"y":[0.5,0.5]},"o":{"x":[0.333,0.333],"y":[0,0]},"t":4,"s":[40,40]},{"i":{"x":[0.667,0.667],"y":[1,1]},"o":{"x":[0.167,0.167],"y":[0.119,0.119]},"t":10,"s":[35,35]},{"t":20,"s":[0,0],"h":1},{"i":{"x":[0.833,0.833],"y":[0.5,0.5]},"o":{"x":[0.333,0.333],"y":[0,0]},"t":28,"s":[40,40]},{"i":{"x":[0.667,0.667],"y":[1,1]},"o":{"x":[0.167,0.167],"y":[0.119,0.119]},"t":34,"s":[35,35]},{"t":44,"s":[0,0],"h":1}],"ix":3},"r":{"a":0,"k":30,"ix":6},"o":{"a":0,"k":100,"ix":7},"sk":{"a":0,"k":0,"ix":4},"sa":{"a":0,"k":0,"ix":5},"nm":"Transform"}],"nm":"B sparkle 3","np":2,"cix":2,"bm":0,"ix":4,"mn":"ADBE Vector Group","hd":false},{"ty":"gr","it":[{"ind":0,"ty":"sh","ix":1,"ks":{"a":0,"k":{"i":[[2.358,0.775],[1.723,-2.004],[-0.169,-1.811],[-4.086,-3.115],[-2.5,0.25],[-1.726,3.205],[0.033,2],[2.823,1.292]],"o":[[-2.461,-0.809],[-1.83,2.129],[0.184,1.97],[2.832,2.159],[2.5,-0.25],[1.75,-3.25],[-0.031,-1.891],[-2.219,-1.016]],"v":[[98.424,-99.479],[96.174,-92.207],[90.785,-89.298],[96.836,-86.51],[100.625,-79.5],[102.875,-86.375],[106.75,-90.875],[101.625,-92.562]],"c":true},"ix":2},"nm":"Path 1","mn":"ADBE Vector Shape - Group","hd":false},{"ty":"fl","c":{"a":0,"k":[1,0.756862819195,0.019607843831,1],"ix":4},"o":{"a":0,"k":100,"ix":5},"r":1,"bm":0,"nm":"Fill 1","mn":"ADBE Vector Graphic - Fill","hd":false},{"ty":"tr","p":{"a":1,"k":[{"i":{"x":0.667,"y":1},"o":{"x":0.333,"y":0},"t":4,"s":[-94.179,-3.406],"to":[-9.283,-7.357],"ti":[0,0]},{"t":20,"s":[-149.878,-47.547],"h":1},{"i":{"x":0.667,"y":1},"o":{"x":0.333,"y":0},"t":28,"s":[-94.179,-3.406],"to":[0,0],"ti":[9.283,7.357]},{"t":44,"s":[-149.878,-47.547],"h":1}],"ix":2},"a":{"a":0,"k":[99.665,-90.172],"ix":1},"s":{"a":1,"k":[{"i":{"x":[0.833,0.833],"y":[0.286,0.286]},"o":{"x":[0.333,0.333],"y":[0,0]},"t":4,"s":[40,40]},{"i":{"x":[0.667,0.667],"y":[1,1]},"o":{"x":[0.167,0.167],"y":[0.114,0.114]},"t":10,"s":[36.5,36.5]},{"t":20,"s":[0,0],"h":1},{"i":{"x":[0.833,0.833],"y":[0.286,0.286]},"o":{"x":[0.333,0.333],"y":[0,0]},"t":28,"s":[40,40]},{"i":{"x":[0.667,0.667],"y":[1,1]},"o":{"x":[0.167,0.167],"y":[0.114,0.114]},"t":34,"s":[36.5,36.5]},{"t":44,"s":[0,0],"h":1}],"ix":3},"r":{"a":0,"k":30,"ix":6},"o":{"a":0,"k":100,"ix":7},"sk":{"a":0,"k":0,"ix":4},"sa":{"a":0,"k":0,"ix":5},"nm":"Transform"}],"nm":"B sparkle 2","np":2,"cix":2,"bm":0,"ix":5,"mn":"ADBE Vector Group","hd":false},{"ty":"gr","it":[{"ind":0,"ty":"sh","ix":1,"ks":{"a":0,"k":{"i":[[3.099,-0.908],[2.848,-2.364],[0,-2.65],[-4.086,-3.115],[-2.5,0.25],[-1.726,3.205],[0.304,1.977],[5.25,3.25]],"o":[[-2.486,0.729],[-3.486,2.894],[0,2.65],[2.832,2.159],[2.5,-0.25],[1.75,-3.25],[-0.5,-3.25],[-4.599,-2.847]],"v":[[96.736,-102.979],[94.486,-93.894],[86.91,-88.86],[95.586,-85.885],[101.25,-75.5],[103.5,-85.5],[110.75,-90.75],[102.75,-95]],"c":true},"ix":2},"nm":"Path 1","mn":"ADBE Vector Shape - Group","hd":false},{"ty":"fl","c":{"a":0,"k":[1,0.756862819195,0.019607843831,1],"ix":4},"o":{"a":0,"k":100,"ix":5},"r":1,"bm":0,"nm":"Fill 1","mn":"ADBE Vector Graphic - Fill","hd":false},{"ty":"tr","p":{"a":1,"k":[{"i":{"x":0.667,"y":1},"o":{"x":0.333,"y":0},"t":4,"s":[64.665,-40.172],"to":[14.691,-15.373],"ti":[0,0]},{"t":20,"s":[152.813,-132.409],"h":1},{"i":{"x":0.667,"y":1},"o":{"x":0.333,"y":0},"t":28,"s":[64.665,-40.172],"to":[0,0],"ti":[-14.691,15.373]},{"t":44,"s":[152.813,-132.409],"h":1}],"ix":2},"a":{"a":0,"k":[99.665,-90.172],"ix":1},"s":{"a":1,"k":[{"i":{"x":[0.833,0.833],"y":[1.25,1.25]},"o":{"x":[0.333,0.333],"y":[0,0]},"t":4,"s":[40,40]},{"i":{"x":[0.667,0.667],"y":[1,1]},"o":{"x":[0.167,0.167],"y":[0.083,0.083]},"t":10,"s":[50,50]},{"t":20,"s":[0,0],"h":1},{"i":{"x":[0.833,0.833],"y":[1.25,1.25]},"o":{"x":[0.333,0.333],"y":[0,0]},"t":28,"s":[40,40]},{"i":{"x":[0.667,0.667],"y":[1,1]},"o":{"x":[0.167,0.167],"y":[0.083,0.083]},"t":34,"s":[50,50]},{"t":44,"s":[0,0],"h":1}],"ix":3},"r":{"a":0,"k":-20,"ix":6},"o":{"a":0,"k":100,"ix":7},"sk":{"a":0,"k":0,"ix":4},"sa":{"a":0,"k":0,"ix":5},"nm":"Transform"}],"nm":"B sparkle 1","np":2,"cix":2,"bm":0,"ix":6,"mn":"ADBE Vector Group","hd":false}],"ip":0,"op":48,"st":0,"bm":0}],"markers":[]}